genre,price
Adventure,33.60041624643835
Cooking,34.8342559003482
Fantasy,23.70658352472913
Historical,39.95868195407658
Mystery,45.72566864920579
Programming,29.33597362391812
Romance,30.476318595679075
Science Fiction,37.29412953210236
Strategy,25.24490528063687
Thriller,17.361861581916422
